{"Program": [["Declaration-list", "$"]], "Declaration-list": [["Declaration", "Declaration-list"], ["null"]], "Declaration": [["#declare", "Declaration-initial", "Declaration-prime", "#pop"]], "Declaration-initial": [["Type-specifier", "#declare_id", "#pid", "ID"]], "Declaration-prime": [["Fun-declaration-prime"], ["Var-declaration-prime"]], "Var-declaration-prime": [[";"], ["[", "#pnum", "NUM", "]", "#declare_arr", ";"]], "Fun-declaration-prime": [["#declare_func", "#set_exec", "#scmod_t", "#sc_start", "(", "#arg_init", "Params", "#arg_finish", ")", "#scmod_f", "#sc_start", "Compound-stmt", "#sc_stop", "#scmod_f", "#sc_stop", "#scmod_t", "#return"]], "Type-specifier": [["int"], ["void"]], "Params": [["#declare", "int", "#declare_id", "#pid", "ID", "Param-prime", "#pop", "Param-list"], ["void", "Param-list-void-abtar"]], "Param-list-void-abtar": [["#declare_id", "#pid", "ID", "Param-prime", "Param-list"], ["null"]], "Param-list": [[",", "Param", "Param-list"], ["null"]], "Param": [["#declare", "Declaration-initial", "Param-prime", "#pop"]], "Param-prime": [["[", "]"], ["null"]], "Compound-stmt": [["{", "Declaration-list", "Statement-list", "}"]], "Statement-list": [["Statement", "Statement-list"], ["null"]], "Statement": [["Expression-stmt"], ["Compound-stmt"], ["Selection-stmt"], ["Iteration-stmt"], ["Return-stmt"], ["Switch-stmt"]], "Expression-stmt": [["Expression", "#pop", ";"], ["break", "#scmod_c", "#prison", ";"], [";"]], "Selection-stmt": [["if", "(", "Expression", ")", "#hold", "#scmod_s", "#sc_start", "Statement", "#sc_stop", "#scmod_s", "#scmod_t", "#prison", "#decide", "else", "#scmod_s", "#sc_start", "Statement", "#sc_stop", "#scmod_s", "#scmod_t", "#prison_break"]], "Iteration-stmt": [["while", "#label", "(", "Expression", ")", "#hold", "#scmod_c", "#sc_start", "Statement", "#jump_while", "#sc_stop", "#scmod_c", "#decide"]], "Return-stmt": [["return", "Return-stmt-prime", "#scmod_f", "#prison"]], "Return-stmt-prime": [[";"], ["#prv", "Expression", "#assign", "#pop", ";"]], "Switch-stmt": [["switch", "(", "Expression", ")", "{", "#scmod_c", "#sc_start", "Case-stmts", "Default-stmt", "#pop", "#sc_stop", "#scmod_c", "}"]], "Case-stmts": [["#scmod_s", "#sc_start", "Case-stmt", "#sc_stop", "#scmod_s", "Case-stmts"], ["null"]], "Case-stmt": [["case", "#pnum", "NUM", "#case", "#hold", ":", "Statement-list", "#decide"]], "Default-stmt": [["default", ":", "Statement-list", "#scmod_c", "#prison"], ["null"]], "Expression": [["Simple-expression-zegond"], ["#pid", "ID", "B"]], "B": [["=", "Expression", "#assign"], ["[", "Expression", "]", "#parr", "H"], ["Simple-expression-prime"]], "H": [["=", "Expression", "#assign"], ["G", "D", "C"]], "Simple-expression-zegond": [["Additive-expression-zegond", "C"]], "Simple-expression-prime": [["Additive-expression-prime", "C"]], "C": [["Relop", "Additive-expression", "#op_exec"], ["null"]], "Relop": [["#op_push", "<"], ["#op_push", "=="]], "Additive-expression": [["Term", "D"]], "Additive-expression-prime": [["Term-prime", "D"]], "Additive-expression-zegond": [["Term-zegond", "D"]], "D": [["Addop", "Term", "#op_exec", "D"], ["null"]], "Addop": [["#op_push", "+"], ["#op_push", "-"]], "Term": [["Signed-factor", "G"]], "Term-prime": [["Signed-factor-prime", "G"]], "Term-zegond": [["Signed-factor-zegond", "G"]], "G": [["#op_push", "*", "Signed-factor", "#op_exec", "G"], ["null"]], "Signed-factor": [["+", "Factor"], ["#pzero", "#op_push", "-", "Factor", "#op_exec"], ["Factor"]], "Signed-factor-prime": [["Factor-prime"]], "Signed-factor-zegond": [["+", "Factor"], ["#pzero", "#op_push", "-", "Factor", "#op_exec"], ["Factor-zegond"]], "Factor": [["(", "Expression", ")"], ["#pid", "ID", "Var-call-prime"], ["#pnum", "NUM"]], "Var-call-prime": [["(", "#arg_pass", "Args", ")", "#call"], ["Var-prime"]], "Var-prime": [["[", "Expression", "]", "#parr"], ["null"]], "Factor-prime": [["(", "#arg_pass", "Args", ")", "#call"], ["null"]], "Factor-zegond": [["(", "Expression", ")"], ["#pnum", "NUM"]], "Args": [["Arg-list"], ["null"]], "Arg-list": [["Expression", "Arg-list-prime"]], "Arg-list-prime": [[",", "Expression", "Arg-list-prime"], ["null"]]}