{"Program": [["Declaration-list", "#jp_main", "$"]], "Declaration-list": [["Declaration", "Declaration-list"], ["null"]], "Declaration": [["Declaration-initial", "Declaration-prime"]], "Declaration-initial": [["Type-specifier", "#push_type", "#decl_id", "ID"]], "Declaration-prime": [["Fun-declaration-prime"], ["Var-declaration-prime"]], "Var-declaration-prime": [[";", "#end_decl_var"], ["[", "NUM", "#push_num", "]", "#end_decl_arr", ";"]], "Fun-declaration-prime": [["#fun_declare_init", "#into_scope", "(", "Params", ")", "#fun_declare_end", "Compound-stmt", "#outo_scope", "#jump_over_func"]], "Type-specifier": [["int"], ["void"]], "Params": [["int", "#push_type", "#decl_id", "ID", "#end_var_param", "Param-prime", "Param-list"], ["void"]], "Param-list": [[",", "Param", "Param-list"], ["null"]], "Param": [["Declaration-initial", "#end_var_param", "Param-prime"]], "Param-prime": [["[", "]", "#end_arr_param"], ["null"]], "Compound-stmt": [["{", "Declaration-list", "Statement-list", "}"]], "Statement-list": [["Statement", "Statement-list"], ["null"]], "Statement": [["Expression-stmt"], ["Compound-stmt"], ["Selection-stmt"], ["Iteration-stmt"], ["Return-stmt"]], "Expression-stmt": [["Expression", ";", "#pop_exp"], ["break", "#save_break", ";"], [";"]], "Selection-stmt": [["if", "(", "Expression", "#assign_to_local", ")", "#save_label", "Statement", "Else-stmt"]], "Else-stmt": [["endif", "#if_jpf"], ["else", "#if_jpf_save_label", "Statement", "endif", "#then_jp"]], "Iteration-stmt": [["repeat", "#label", "Statement", "until", "(", "Expression", "#assign_to_local", ")", "#repeat_jump"]], "Return-stmt": [["return", "Return-stmt-prime"]], "Return-stmt-prime": [[";", "#return_void"], ["Expression", ";", "#return_exp"]], "Expression": [["Simple-expression-zegond"], ["ID", "#push_id", "B"]], "B": [["=", "Expression", "#assign"], ["[", "Expression", "]", "#indirect_addr", "H"], ["Simple-expression-prime"]], "H": [["=", "Expression", "#assign"], ["G", "D", "C"]], "Simple-expression-zegond": [["Additive-expression-zegond", "C"]], "Simple-expression-prime": [["Additive-expression-prime", "C"]], "C": [["Relop", "Additive-expression", "#operate"], ["null"]], "Relop": [["<", "#push_op"], ["==", "#push_op"]], "Additive-expression": [["Term", "D"]], "Additive-expression-prime": [["Term-prime", "D"]], "Additive-expression-zegond": [["Term-zegond", "D"]], "D": [["Addop", "Term", "#operate", "D"], ["null"]], "Addop": [["+", "#push_op"], ["-", "#push_op"]], "Term": [["Factor", "G"]], "Term-prime": [["Factor-prime", "G"]], "Term-zegond": [["Factor-zegond", "G"]], "G": [["*", "#push_op", "Factor", "#operate", "G"], ["null"]], "Factor": [["(", "Expression", ")"], ["ID", "#push_id", "Var-call-prime"], ["NUM", "#push_num_temp"]], "Var-call-prime": [["(", "#find_function", "Args", ")", "#call_func"], ["Var-prime"]], "Var-prime": [["[", "Expression", "]", "#indirect_addr"], ["null"]], "Factor-prime": [["(", "#find_function", "Args", ")", "#call_func"], ["null"]], "Factor-zegond": [["(", "Expression", ")"], ["NUM", "#push_num_temp"]], "Args": [["Arg-list"], ["null"]], "Arg-list": [["Expression", "Arg-list-prime"]], "Arg-list-prime": [[",", "Expression", "Arg-list-prime"], ["null"]]}