[{"left": "Program", "right": ["Declaration-list", "$"]}, {"left": "Declaration-list", "right": ["Declaration", "Declaration-list"]}, {"left": "Declaration-list", "right": ["null"]}, {"left": "Declaration", "right": ["#declare", "Declaration-initial", "Declaration-prime", "#pop"]}, {"left": "Declaration-initial", "right": ["Type-specifier", "#declare_id", "#pid", "ID"]}, {"left": "Declaration-prime", "right": ["Fun-declaration-prime"]}, {"left": "Declaration-prime", "right": ["Var-declaration-prime"]}, {"left": "Var-declaration-prime", "right": [";"]}, {"left": "Var-declaration-prime", "right": ["[", "#pnum", "NUM", "]", "#declare_arr", ";"]}, {"left": "Fun-declaration-prime", "right": ["#declare_func", "#set_exec", "#scmod_t", "#sc_start", "(", "#arg_init", "Params", "#arg_finish", ")", "#scmod_f", "#sc_start", "Compound-stmt", "#sc_stop", "#scmod_f", "#sc_stop", "#scmod_t", "#return"]}, {"left": "Type-specifier", "right": ["int"]}, {"left": "Type-specifier", "right": ["void"]}, {"left": "Params", "right": ["#declare", "int", "#declare_id", "#pid", "ID", "Param-prime", "#pop", "Param-list"]}, {"left": "Params", "right": ["void", "Param-list-void-abtar"]}, {"left": "Param-list-void-abtar", "right": ["#declare_id", "#pid", "ID", "Param-prime", "Param-list"]}, {"left": "Param-list-void-abtar", "right": ["null"]}, {"left": "Param-list", "right": [",", "Param", "Param-list"]}, {"left": "Param-list", "right": ["null"]}, {"left": "Param", "right": ["#declare", "Declaration-initial", "Param-prime", "#pop"]}, {"left": "Param-prime", "right": ["[", "]"]}, {"left": "Param-prime", "right": ["null"]}, {"left": "Compound-stmt", "right": ["{", "Declaration-list", "Statement-list", "}"]}, {"left": "Statement-list", "right": ["Statement", "Statement-list"]}, {"left": "Statement-list", "right": ["null"]}, {"left": "Statement", "right": ["Expression-stmt"]}, {"left": "Statement", "right": ["Compound-stmt"]}, {"left": "Statement", "right": ["Selection-stmt"]}, {"left": "Statement", "right": ["Iteration-stmt"]}, {"left": "Statement", "right": ["Return-stmt"]}, {"left": "Statement", "right": ["Switch-stmt"]}, {"left": "Expression-stmt", "right": ["Expression", "#pop", ";"]}, {"left": "Expression-stmt", "right": ["break", "#scmod_c", "#prison", ";"]}, {"left": "Expression-stmt", "right": [";"]}, {"left": "Selection-stmt", "right": ["if", "(", "Expression", ")", "#hold", "#scmod_s", "#sc_start", "Statement", "#sc_stop", "#scmod_s", "#scmod_t", "#prison", "#decide", "else", "#scmod_s", "#sc_start", "Statement", "#sc_stop", "#scmod_s", "#scmod_t", "#prison_break"]}, {"left": "Iteration-stmt", "right": ["while", "#label", "(", "Expression", ")", "#hold", "#scmod_c", "#sc_start", "Statement", "#jump_while", "#sc_stop", "#scmod_c", "#decide"]}, {"left": "Return-stmt", "right": ["return", "Return-stmt-prime", "#scmod_f", "#prison"]}, {"left": "Return-stmt-prime", "right": [";"]}, {"left": "Return-stmt-prime", "right": ["#prv", "Expression", "#assign", "#pop", ";"]}, {"left": "Switch-stmt", "right": ["switch", "(", "Expression", ")", "{", "#scmod_c", "#sc_start", "Case-stmts", "Default-stmt", "#pop", "#sc_stop", "#scmod_c", "}"]}, {"left": "Case-stmts", "right": ["#scmod_s", "#sc_start", "Case-stmt", "#sc_stop", "#scmod_s", "Case-stmts"]}, {"left": "Case-stmts", "right": ["null"]}, {"left": "Case-stmt", "right": ["case", "#pnum", "NUM", "#case", "#hold", ":", "Statement-list", "#decide"]}, {"left": "Default-stmt", "right": ["default", ":", "Statement-list", "#scmod_c", "#prison"]}, {"left": "Default-stmt", "right": ["null"]}, {"left": "Expression", "right": ["Simple-expression-zegond"]}, {"left": "Expression", "right": ["#pid", "ID", "B"]}, {"left": "B", "right": ["=", "Expression", "#assign"]}, {"left": "B", "right": ["[", "Expression", "]", "#parr", "H"]}, {"left": "B", "right": ["Simple-expression-prime"]}, {"left": "H", "right": ["=", "Expression", "#assign"]}, {"left": "H", "right": ["G", "D", "C"]}, {"left": "Simple-expression-zegond", "right": ["Additive-expression-zegond", "C"]}, {"left": "Simple-expression-prime", "right": ["Additive-expression-prime", "C"]}, {"left": "C", "right": ["Relop", "Additive-expression", "#op_exec"]}, {"left": "C", "right": ["null"]}, {"left": "Relop", "right": ["#op_push", "<"]}, {"left": "Relop", "right": ["#op_push", "=="]}, {"left": "Additive-expression", "right": ["Term", "D"]}, {"left": "Additive-expression-prime", "right": ["Term-prime", "D"]}, {"left": "Additive-expression-zegond", "right": ["Term-zegond", "D"]}, {"left": "D", "right": ["Addop", "Term", "#op_exec", "D"]}, {"left": "D", "right": ["null"]}, {"left": "Addop", "right": ["#op_push", "+"]}, {"left": "Addop", "right": ["#op_push", "-"]}, {"left": "Term", "right": ["Signed-factor", "G"]}, {"left": "Term-prime", "right": ["Signed-factor-prime", "G"]}, {"left": "Term-zegond", "right": ["Signed-factor-zegond", "G"]}, {"left": "G", "right": ["#op_push", "*", "Signed-factor", "#op_exec", "G"]}, {"left": "G", "right": ["null"]}, {"left": "Signed-factor", "right": ["+", "Factor"]}, {"left": "Signed-factor", "right": ["#pzero", "#op_push", "-", "Factor", "#op_exec"]}, {"left": "Signed-factor", "right": ["Factor"]}, {"left": "Signed-factor-prime", "right": ["Factor-prime"]}, {"left": "Signed-factor-zegond", "right": ["+", "Factor"]}, {"left": "Signed-factor-zegond", "right": ["#pzero", "#op_push", "-", "Factor", "#op_exec"]}, {"left": "Signed-factor-zegond", "right": ["Factor-zegond"]}, {"left": "Factor", "right": ["(", "Expression", ")"]}, {"left": "Factor", "right": ["#pid", "ID", "Var-call-prime"]}, {"left": "Factor", "right": ["#pnum", "NUM"]}, {"left": "Var-call-prime", "right": ["(", "#arg_pass", "Args", ")", "#call"]}, {"left": "Var-call-prime", "right": ["Var-prime"]}, {"left": "Var-prime", "right": ["[", "Expression", "]", "#parr"]}, {"left": "Var-prime", "right": ["null"]}, {"left": "Factor-prime", "right": ["(", "#arg_pass", "Args", ")", "#call"]}, {"left": "Factor-prime", "right": ["null"]}, {"left": "Factor-zegond", "right": ["(", "Expression", ")"]}, {"left": "Factor-zegond", "right": ["#pnum", "NUM"]}, {"left": "Args", "right": ["Arg-list"]}, {"left": "Args", "right": ["null"]}, {"left": "Arg-list", "right": ["Expression", "Arg-list-prime"]}, {"left": "Arg-list-prime", "right": [",", "Expression", "Arg-list-prime"]}, {"left": "Arg-list-prime", "right": ["null"]}]