[{"left": "Program", "right": ["Declaration-list", "#jp_main", "$"]}, {"left": "Declaration-list", "right": ["Declaration", "Declaration-list"]}, {"left": "Declaration-list", "right": ["null"]}, {"left": "Declaration", "right": ["Declaration-initial", "Declaration-prime"]}, {"left": "Declaration-initial", "right": ["Type-specifier", "#push_type", "#decl_id", "ID"]}, {"left": "Declaration-prime", "right": ["Fun-declaration-prime"]}, {"left": "Declaration-prime", "right": ["Var-declaration-prime"]}, {"left": "Var-declaration-prime", "right": [";", "#end_decl_var"]}, {"left": "Var-declaration-prime", "right": ["[", "NUM", "#push_num", "]", "#end_decl_arr", ";"]}, {"left": "Fun-declaration-prime", "right": ["#fun_declare_init", "#into_scope", "(", "Params", ")", "#fun_declare_end", "Compound-stmt", "#outo_scope", "#jump_over_func"]}, {"left": "Type-specifier", "right": ["int"]}, {"left": "Type-specifier", "right": ["void"]}, {"left": "Params", "right": ["int", "#push_type", "#decl_id", "ID", "#end_var_param", "Param-prime", "Param-list"]}, {"left": "Params", "right": ["void"]}, {"left": "Param-list", "right": [",", "Param", "Param-list"]}, {"left": "Param-list", "right": ["null"]}, {"left": "Param", "right": ["Declaration-initial", "#end_var_param", "Param-prime"]}, {"left": "Param-prime", "right": ["[", "]", "#end_arr_param"]}, {"left": "Param-prime", "right": ["null"]}, {"left": "Compound-stmt", "right": ["{", "Declaration-list", "Statement-list", "}"]}, {"left": "Statement-list", "right": ["Statement", "Statement-list"]}, {"left": "Statement-list", "right": ["null"]}, {"left": "Statement", "right": ["Expression-stmt"]}, {"left": "Statement", "right": ["Compound-stmt"]}, {"left": "Statement", "right": ["Selection-stmt"]}, {"left": "Statement", "right": ["Iteration-stmt"]}, {"left": "Statement", "right": ["Return-stmt"]}, {"left": "Expression-stmt", "right": ["Expression", ";", "#pop_exp"]}, {"left": "Expression-stmt", "right": ["break", "#save_break", ";"]}, {"left": "Expression-stmt", "right": [";"]}, {"left": "Selection-stmt", "right": ["if", "(", "Expression", "#assign_to_local", ")", "#save_label", "Statement", "Else-stmt"]}, {"left": "Else-stmt", "right": ["endif", "#if_jpf"]}, {"left": "Else-stmt", "right": ["else", "#if_jpf_save_label", "Statement", "endif", "#then_jp"]}, {"left": "Iteration-stmt", "right": ["repeat", "#label", "Statement", "until", "(", "Expression", "#assign_to_local", ")", "#repeat_jump"]}, {"left": "Return-stmt", "right": ["return", "Return-stmt-prime"]}, {"left": "Return-stmt-prime", "right": [";", "#return_void"]}, {"left": "Return-stmt-prime", "right": ["Expression", ";", "#return_exp"]}, {"left": "Expression", "right": ["Simple-expression-zegond"]}, {"left": "Expression", "right": ["ID", "#push_id", "B"]}, {"left": "B", "right": ["=", "Expression", "#assign"]}, {"left": "B", "right": ["[", "Expression", "]", "#indirect_addr", "H"]}, {"left": "B", "right": ["Simple-expression-prime"]}, {"left": "H", "right": ["=", "Expression", "#assign"]}, {"left": "H", "right": ["G", "D", "C"]}, {"left": "Simple-expression-zegond", "right": ["Additive-expression-zegond", "C"]}, {"left": "Simple-expression-prime", "right": ["Additive-expression-prime", "C"]}, {"left": "C", "right": ["Relop", "Additive-expression", "#operate"]}, {"left": "C", "right": ["null"]}, {"left": "Relop", "right": ["<", "#push_op"]}, {"left": "Relop", "right": ["==", "#push_op"]}, {"left": "Additive-expression", "right": ["Term", "D"]}, {"left": "Additive-expression-prime", "right": ["Term-prime", "D"]}, {"left": "Additive-expression-zegond", "right": ["Term-zegond", "D"]}, {"left": "D", "right": ["Addop", "Term", "#operate", "D"]}, {"left": "D", "right": ["null"]}, {"left": "Addop", "right": ["+", "#push_op"]}, {"left": "Addop", "right": ["-", "#push_op"]}, {"left": "Term", "right": ["Factor", "G"]}, {"left": "Term-prime", "right": ["Factor-prime", "G"]}, {"left": "Term-zegond", "right": ["Factor-zegond", "G"]}, {"left": "G", "right": ["*", "#push_op", "Factor", "#operate", "G"]}, {"left": "G", "right": ["null"]}, {"left": "Factor", "right": ["(", "Expression", ")"]}, {"left": "Factor", "right": ["ID", "#push_id", "Var-call-prime"]}, {"left": "Factor", "right": ["NUM", "#push_num_temp"]}, {"left": "Var-call-prime", "right": ["(", "#find_function", "Args", ")", "#call_func"]}, {"left": "Var-call-prime", "right": ["Var-prime"]}, {"left": "Var-prime", "right": ["[", "Expression", "]", "#indirect_addr"]}, {"left": "Var-prime", "right": ["null"]}, {"left": "Factor-prime", "right": ["(", "#find_function", "Args", ")", "#call_func"]}, {"left": "Factor-prime", "right": ["null"]}, {"left": "Factor-zegond", "right": ["(", "Expression", ")"]}, {"left": "Factor-zegond", "right": ["NUM", "#push_num_temp"]}, {"left": "Args", "right": ["Arg-list"]}, {"left": "Args", "right": ["null"]}, {"left": "Arg-list", "right": ["Expression", "Arg-list-prime"]}, {"left": "Arg-list-prime", "right": [",", "Expression", "Arg-list-prime"]}, {"left": "Arg-list-prime", "right": ["null"]}]